spaces,accuracy_mean,accuracy_std,ci95_lower,ci95_upper
1,0.703103448275862,,,
5,0.8055172413793104,,,
7,0.8301724137931035,,,
12,0.8179310344827586,,,
