spaces,accuracy_mean,accuracy_std,ci95_lower,ci95_upper
1,0.7089655172413794,,,
5,0.7958620689655173,,,
7,0.8394827586206897,,,
12,0.8320689655172414,,,
