spaces,accuracy_mean,accuracy_std,ci95_lower,ci95_upper
1,0.7244827586206897,,,
5,0.8025862068965517,,,
7,0.7846551724137931,,,
12,0.7698275862068965,,,
