spaces,accuracy_mean,accuracy_std,ci95_lower,ci95_upper
1,0.6758620689655173,,,
5,0.7662068965517241,,,
7,0.7084482758620689,,,
12,0.8460344827586207,,,
