spaces,accuracy_mean,accuracy_std,ci95_lower,ci95_upper
1,0.7184482758620689,,,
5,0.7425862068965517,,,
7,0.7889655172413793,,,
12,0.7837931034482759,,,
