spaces,accuracy_mean,accuracy_std,ci95_lower,ci95_upper
1,0.7551724137931034,,,
5,0.5486206896551724,,,
7,0.8253448275862069,,,
12,0.8382758620689655,,,
