spaces,accuracy_mean,accuracy_std,ci95_lower,ci95_upper
1,0.6067241379310345,,,
5,0.7351724137931035,,,
7,0.7963793103448276,,,
12,0.7006896551724138,,,
