spaces,accuracy_mean,accuracy_std,ci95_lower,ci95_upper
1,0.7067241379310345,,,
5,0.7817241379310345,,,
7,0.8237931034482758,,,
12,0.8389655172413794,,,
