spaces,accuracy_mean,accuracy_std,ci95_lower,ci95_upper
1,0.7275862068965517,,,
5,0.7372413793103448,,,
7,0.7974137931034483,,,
12,0.8012068965517242,,,
