spaces,accuracy_mean,accuracy_std,ci95_lower,ci95_upper
1,0.7662633701560582,,,
5,0.7112046291425566,,,
7,0.8016833245660179,,,
12,0.6985796948974224,,,
