spaces,accuracy_mean,accuracy_std,ci95_lower,ci95_upper
1,0.7277586206896551,,,
5,0.7594827586206897,,,
7,0.7887931034482759,,,
12,0.6555172413793103,,,
