spaces,accuracy_mean,accuracy_std,ci95_lower,ci95_upper
1,0.7401724137931035,,,
5,0.7353448275862069,,,
7,0.8408620689655173,,,
12,0.8158620689655173,,,
