spaces,accuracy_mean,accuracy_std,ci95_lower,ci95_upper
1,0.6645172413793105,0.05448092775428994,0.6255466411273256,0.7034878416312953
5,0.7653620689655173,0.04787004099032482,0.7311202836586732,0.7996038542723614
7,0.7750689655172415,0.059350661250603357,0.7326150098004888,0.8175229212339942
12,0.7886896551724139,0.1023582805546161,0.7154720394231968,0.8619072709216309
