spaces,accuracy_mean,accuracy_std,ci95_lower,ci95_upper
1,0.6886206896551724,,,
5,0.7155172413793104,,,
7,0.7044827586206897,,,
12,0.7062068965517241,,,
